Date,TempAvgF,DewPointAvgF,HumidityAvgPercent,SeaLevelPressureAvgInches,VisibilityAvgMiles,WindAvgMPH,PrecipitationSumInches,Events
12/21/2013,60,49,75,29.68,7,4,0.46,"Rain , Thunderstorm"
12/22/2013,48,36,68,30.13,10,6,0, 
12/23/2013,45,27,52,30.49,10,3,0, 
12/24/2013,46,28,56,30.45,10,4,0, 
12/25/2013,50,40,71,30.33,10,2,T, 
12/26/2013,48,36,63,30.4,9,3,0, 
12/27/2013,53,39,65,30.39,9,1,T, 
12/28/2013,51,39,64,30.17,10,2,T, 
12/29/2013,50,41,76,30.1,10,5,0, 
12/30/2013,40,26,60,30.33,10,5,0, 
12/31/2013,46,28,54,30.39,10,1,0, 
1/1/2014,54,42,68,30.11,10,4,0, 
1/2/2014,44,26,55,30.37,10,8,0, 
1/3/2014,43,22,49,30.35,10,4,0, 
1/4/2014,57,48,68,29.95,10,7,0, 
1/5/2014,47,32,59,30.08,10,10,0, 
1/6/2014,29,8,38,30.68,10,7,0, 
1/7/2014,35,11,43,30.52,10,5,0, 
1/8/2014,47,45,75,30.2,2,1,0.16,Rain
1/9/2014,62,55,80,30.11,4,3,0,Fog
1/10/2014,65,61,81,29.87,8,6,0.1,Rain
1/11/2014,62,37,53,30.06,9,3,0, 
1/12/2014,57,47,68,30.01,10,4,0.01,Rain
1/13/2014,57,36,51,30.01,9,7,0, 
1/14/2014,57,25,41,30.13,10,5,0, 
1/15/2014,52,23,35,30.33,10,4,0, 
1/16/2014,56,27,38,30.13,10,4,0, 
1/17/2014,54,20,31,30.29,10,5,0, 
1/18/2014,54,33,45,30.19,10,2,0, 
1/19/2014,59,30,39,30.22,10,3,0, 
1/20/2014,64,36,44,30,10,5,0, 
1/21/2014,51,23,39,30.31,10,6,0, 
1/22/2014,54,27,45,30.11,10,4,0, 
1/23/2014,42,29,64,30.47,8,9,0.06,"Rain , Snow"
1/24/2014,33,17,60,30.63,9,5,0.05, 
1/25/2014,48,27,53,30.19,10,1,0, 
1/26/2014,60,39,52,29.84,10,3,0, 
1/27/2014,47,23,44,30.09,10,9,0.02,Rain
1/28/2014,33,14,48,30.4,10,6,0.05,Rain
1/29/2014,38,13,42,30.41,10,5,0, 
1/30/2014,48,36,64,30.06,10,7,0, 
1/31/2014,68,54,64,29.87,10,9,0, 
2/1/2014,66,59,71,29.81,10,6,T,Rain
2/2/2014,45,33,69,30.09,8,11,0.02,Rain
2/3/2014,40,33,74,30.17,6,6,0, 
2/4/2014,53,41,68,29.95,6,2,0.15,Rain
2/5/2014,40,26,60,30.37,10,10,0, 
2/6/2014,29,15,54,30.48,10,8,0, 
2/7/2014,34,24,68,30.32,7,3,0, 
2/8/2014,51,36,63,30.17,7,5,0, 
2/9/2014,59,45,70,30.05,5,4,0,Fog
2/10/2014,48,36,74,30.15,8,9,T,Rain
2/11/2014,35,29,80,30.24,5,9,0.1,Rain
2/12/2014,45,29,57,30.18,9,5,0, 
2/13/2014,51,34,58,30.02,10,4,0, 
2/14/2014,67,37,51,29.93,10,6,0, 
2/15/2014,59,35,43,30.09,10,5,0, 
2/16/2014,68,57,74,30.01,5,5,0,Fog
2/17/2014,70,50,52,30.03,8,5,0, 
2/18/2014,69,53,55,30,10,4,0, 
2/19/2014,73,60,70,29.85,9,7,0, 
2/20/2014,70,50,48,29.85,9,8,0, 
2/21/2014,57,27,43,30.11,10,5,0, 
2/22/2014,63,46,53,29.96,10,6,0, 
2/23/2014,74,56,57,29.95,10,4,0, 
2/24/2014,66,51,65,30.04,9,4,0, 
2/25/2014,62,60,85,30.01,4,5,T,Rain
2/26/2014,44,33,63,30.18,8,8,0.11,Rain
2/27/2014,45,27,56,30.1,10,3,0, 
2/28/2014,62,46,60,29.85,10,6,0, 
3/1/2014,68,57,74,29.95,7,5,0,Fog
3/2/2014,51,45,79,30.05,8,10,0.08,Rain
3/3/2014,36,20,56,30.33,9,10,0.08,"Rain , Thunderstorm"
3/4/2014,40,31,72,30.18,8,4,0.17,Rain
3/5/2014,46,39,76,30.06,7,3,0, 
3/6/2014,54,38,62,30.18,8,4,0, 
3/7/2014,53,42,65,29.99,9,6,0, 
3/8/2014,52,49,88,30.09,3,4,0.74,"Rain , Thunderstorm"
3/9/2014,49,39,71,30.29,9,5,0.11,Rain
3/10/2014,61,51,69,30.08,9,3,0.01,Rain
3/11/2014,70,54,66,29.77,9,5,0, 
3/12/2014,60,28,36,30.13,10,11,0, 
3/13/2014,52,26,35,30.26,10,4,0, 
3/14/2014,62,51,68,30.04,10,5,0, 
3/15/2014,68,62,81,29.86,5,4,0.07,"Fog , Rain"
3/16/2014,56,45,66,29.9,10,11,0, 
3/17/2014,55,26,36,29.94,10,6,0, 
3/18/2014,65,42,49,29.74,10,8,0, 
3/19/2014,62,37,52,30.07,9,6,0, 
3/20/2014,59,36,52,30.15,10,2,0, 
3/21/2014,67,54,69,29.95,8,7,0,Fog
3/22/2014,69,62,80,29.95,7,4,0, 
3/23/2014,54,43,62,30.19,10,9,0, 
3/24/2014,58,42,58,30.14,10,3,0, 
3/25/2014,57,38,61,30.24,10,5,0, 
3/26/2014,60,47,57,30.08,10,10,T,Rain
3/27/2014,72,63,78,29.83,7,8,0.01,Rain
3/28/2014,76,61,64,29.79,8,5,0,Thunderstorm
3/29/2014,64,40,43,30.18,10,5,0, 
3/30/2014,62,43,56,30.13,10,8,0, 
3/31/2014,73,57,65,29.93,10,9,0, 
4/1/2014,76,64,71,29.92,8,8,0, 
4/2/2014,76,67,78,29.8,9,9,T,Rain
4/3/2014,77,67,74,29.74,8,7,T, 
4/4/2014,64,35,58,30.03,10,8,T,Rain
4/5/2014,60,38,48,29.99,10,4,T, 
4/6/2014,57,49,76,29.81,7,5,0.2,"Rain , Thunderstorm"
4/7/2014,62,49,69,29.92,9,3,0.27,"Rain , Thunderstorm"
4/8/2014,64,38,57,30.14,10,8,0, 
4/9/2014,65,42,51,30.17,10,6,0, 
4/10/2014,72,53,59,30.01,10,10,0, 
4/11/2014,73,59,65,29.98,10,8,0, 
4/12/2014,75,62,66,29.91,10,10,0, 
4/13/2014,73,66,79,29.76,9,7,T, 
4/14/2014,58,46,65,29.96,8,10,1.34,"Fog , Rain , Thunderstorm"
4/15/2014,52,25,39,30.27,10,4,0, 
4/16/2014,57,40,56,30.06,10,7,0, 
4/17/2014,62,57,85,30.09,7,4,0.06,Rain
4/18/2014,69,57,68,30.17,6,2,0.01,Rain
4/19/2014,66,54,68,30.12,9,5,0, 
4/20/2014,68,59,77,30.1,8,6,0, 
4/21/2014,74,63,72,30.01,9,5,0.01,"Rain , Thunderstorm"
4/22/2014,75,58,61,29.96,10,3,0, 
4/23/2014,73,61,68,29.85,10,7,0, 
4/24/2014,78,62,63,29.82,10,5,0, 
4/25/2014,76,54,51,29.92,10,6,0, 
4/26/2014,77,66,73,29.78,6,8,T,Rain
4/27/2014,85,66,51,29.55,6,6,0, 
4/28/2014,80,39,39,29.61,10,4,0, 
4/29/2014,72,34,36,29.77,10,7,0, 
4/30/2014,66,33,32,30.08,10,6,0, 
5/1/2014,65,33,39,30.12,10,3,0, 
5/2/2014,70,35,33,30.02,10,3,0, 
5/3/2014,76,35,27,30,10,4,0, 
5/4/2014,76,37,27,30.02,10,7,0, 
5/5/2014,76,56,61,29.91,10,8,0, 
5/6/2014,76,62,66,29.81,10,9,0, 
5/7/2014,79,64,65,29.81,10,9,0, 
5/8/2014,79,70,75,29.81,6,8,0.06,Rain
5/9/2014,76,68,69,29.89,5,5,T,"Rain , Thunderstorm"
5/10/2014,76,62,71,29.84,10,6,0, 
5/11/2014,83,67,63,29.77,9,10,0, 
5/12/2014,72,70,87,29.84,5,7,2.45,"Fog , Rain , Thunderstorm"
5/13/2014,61,54,73,30.09,8,8,0.94,"Rain , Thunderstorm"
5/14/2014,64,43,57,30.24,10,7,0.14,Rain
5/15/2014,65,41,55,30.22,10,3,0, 
5/16/2014,74,43,40,30.06,10,7,0, 
5/17/2014,73,55,58,29.97,10,9,0, 
5/18/2014,74,59,67,30.03,10,8,0, 
5/19/2014,76,61,65,30,10,10,0, 
5/20/2014,78,62,63,30.01,10,9,0, 
5/21/2014,80,64,61,30.02,10,8,0, 
5/22/2014,79,65,70,30.05,10,7,T, 
5/23/2014,78,67,69,30.03,8,6,0.19,"Fog , Rain"
5/24/2014,78,68,79,29.99,9,7,T, 
5/25/2014,80,66,66,29.98,10,6,T,Thunderstorm
5/26/2014,70,65,83,30,8,5,1.56,"Rain , Thunderstorm"
5/27/2014,68,64,86,29.95,6,3,1.75,"Fog , Rain , Thunderstorm"
5/28/2014,76,66,74,29.88,7,4,0, 
5/29/2014,78,63,66,29.85,10,2,0, 
5/30/2014,81,65,60,29.82,10,3,0, 
5/31/2014,82,67,63,29.85,10,3,0, 
6/1/2014,80,69,69,29.9,8,4,0, 
6/2/2014,83,69,67,29.91,10,7,0, 
6/3/2014,83,70,67,29.96,10,6,T, 
6/4/2014,83,70,70,29.86,10,7,0, 
6/5/2014,83,70,72,29.82,10,7,0, 
6/6/2014,83,70,70,29.88,10,7,0, 
6/7/2014,83,70,71,29.89,10,7,0, 
6/8/2014,83,70,67,29.88,10,7,T,Rain
6/9/2014,77,71,78,29.81,8,4,0.55,"Rain , Thunderstorm"
6/10/2014,78,61,64,29.85,10,3,0, 
6/11/2014,80,66,64,29.83,10,5,0, 
6/12/2014,80,72,68,29.82,9,8,1.49,"Rain , Thunderstorm"
6/13/2014,79,-,75,29.95,-,4,0, 
6/14/2014,92,-,77,29.93,-,6,0, 
6/15/2014,83,-,-,29.9,-,9,0, 
6/16/2014,84,-,72,29.99,-,8,T, 
6/17/2014,84,69,69,29.99,10,9,0, 
6/18/2014,85,72,68,29.96,9,9,0.02,Rain
6/19/2014,84,71,68,30,10,6,0.01, 
6/20/2014,83,71,69,30.04,10,5,0, 
6/21/2014,84,72,72,29.99,10,6,T, 
6/22/2014,83,72,70,29.9,9,8,T, 
6/23/2014,78,72,75,29.93,8,4,0.27,"Rain , Thunderstorm"
6/24/2014,84,72,72,30,9,4,0.24,"Fog , Rain , Thunderstorm"
6/25/2014,80,72,77,30.01,8,5,0.49,"Fog , Rain , Thunderstorm"
6/26/2014,80,71,76,29.95,10,7,0.01,Rain
6/27/2014,83,72,69,29.87,10,8,T, 
6/28/2014,86,73,69,29.88,10,9,T, 
6/29/2014,86,73,69,29.97,9,9,0, 
6/30/2014,87,71,64,29.94,9,8,0, 
7/1/2014,86,70,64,29.92,10,6,0, 
7/2/2014,85,69,64,30,10,4,0, 
7/3/2014,84,69,62,30.08,10,3,0.07,"Rain , Thunderstorm"
7/4/2014,82,68,67,30.15,10,4,0,Thunderstorm
7/5/2014,82,69,70,30.12,10,4,0, 
7/6/2014,84,70,72,30.03,8,5,0, 
7/7/2014,85,67,61,29.97,10,5,0, 
7/8/2014,86,68,63,29.99,10,7,0, 
7/9/2014,85,66,59,30,10,6,0, 
7/10/2014,84,68,64,30.01,10,5,0, 
7/11/2014,83,67,60,30.09,10,5,0, 
7/12/2014,85,66,59,30.1,9,4,0, 
7/13/2014,87,67,63,30.03,10,4,0, 
7/14/2014,88,67,55,29.96,10,4,0, 
7/15/2014,83,71,71,29.96,10,3,0.06,"Rain , Thunderstorm"
7/16/2014,84,71,68,29.95,8,4,0.31,"Rain , Thunderstorm"
7/17/2014,82,74,77,29.86,7,5,3.53,"Fog , Rain , Thunderstorm"
7/18/2014,75,71,87,29.93,7,3,1.52,"Rain , Thunderstorm"
7/19/2014,78,68,76,29.99,9,2,0, 
7/20/2014,84,72,73,29.96,9,4,0, 
7/21/2014,87,73,70,29.97,9,6,0, 
7/22/2014,86,72,68,30.01,10,2,0, 
7/23/2014,86,71,66,30,9,3,0, 
7/24/2014,84,72,70,29.99,8,3,0.09,Rain
7/25/2014,86,70,63,29.96,10,5,0, 
7/26/2014,87,71,66,29.95,10,6,0, 
7/27/2014,87,71,64,30,10,6,0, 
7/28/2014,87,69,62,30.05,10,3,0, 
7/29/2014,87,70,63,30.03,10,4,0, 
7/30/2014,86,68,60,29.97,10,6,0, 
7/31/2014,87,71,64,29.94,10,4,0, 
8/1/2014,82,65,59,29.98,10,5,0, 
8/2/2014,79,66,70,30.02,10,3,0, 
8/3/2014,83,66,62,30,10,4,0, 
8/4/2014,83,69,66,29.98,9,3,0, 
8/5/2014,85,68,61,29.99,10,3,0, 
8/6/2014,88,68,64,29.96,10,5,0, 
8/7/2014,90,71,59,29.9,8,6,0, 
8/8/2014,89,70,60,29.89,10,6,0, 
8/9/2014,89,68,60,29.94,10,5,0, 
8/10/2014,89,69,58,29.96,10,4,0, 
8/11/2014,89,71,62,30,10,3,0.05,"Rain , Thunderstorm"
8/12/2014,87,66,62,29.99,10,4,0, 
8/13/2014,83,57,45,30.01,10,4,0, 
8/14/2014,84,61,50,29.97,10,4,0, 
8/15/2014,88,69,58,29.95,10,5,0, 
8/16/2014,91,69,57,29.88,10,7,0, 
8/17/2014,90,71,56,29.92,10,6,0, 
8/18/2014,90,71,59,29.9,10,7,0, 
8/19/2014,87,68,55,29.87,10,7,0,Thunderstorm
8/20/2014,90,71,57,29.92,10,8,0, 
8/21/2014,92,71,55,29.98,10,9,0, 
8/22/2014,91,69,55,29.99,10,8,0, 
8/23/2014,88,69,62,29.94,10,6,0, 
8/24/2014,89,70,59,29.9,10,5,0, 
8/25/2014,89,67,59,29.9,10,5,0, 
8/26/2014,89,68,52,29.93,10,4,T,"Rain , Thunderstorm"
8/27/2014,87,66,58,29.96,10,4,0, 
8/28/2014,88,71,61,29.89,10,5,0, 
8/29/2014,87,72,64,29.87,10,5,0.07,"Rain , Thunderstorm"
8/30/2014,85,72,69,29.91,10,4,0, 
8/31/2014,87,72,68,29.93,10,7,0, 
9/1/2014,90,72,62,29.9,10,8,0, 
9/2/2014,88,73,66,29.91,10,8,0.01, 
9/3/2014,88,70,61,29.95,10,6,0, 
9/4/2014,86,74,65,30,8,5,0.98,"Fog , Rain , Thunderstorm"
9/5/2014,87,73,63,30.02,10,4,0.02,Rain
9/6/2014,86,71,67,30.01,10,3,0.19,"Rain , Thunderstorm"
9/7/2014,82,72,78,30.04,8,3,0.22,"Rain , Thunderstorm"
9/8/2014,84,69,70,29.97,10,3,0, 
9/9/2014,86,69,63,29.9,10,6,0, 
9/10/2014,88,71,63,29.83,10,7,0, 
9/11/2014,89,71,60,29.89,10,5,0, 
9/12/2014,81,70,67,30,9,5,0.51,"Rain , Thunderstorm"
9/13/2014,63,60,92,30.19,5,5,0.68,Rain
9/14/2014,71,64,87,30.16,8,2,0, 
9/15/2014,79,68,76,30.09,9,2,0, 
9/16/2014,84,72,70,30.01,10,3,0.02,"Rain , Thunderstorm"
9/17/2014,83,74,75,29.93,9,3,0.35,"Rain , Thunderstorm"
9/18/2014,81,73,78,29.88,7,2,3.66,"Fog , Rain , Thunderstorm"
9/19/2014,80,74,85,29.89,8,3,0.13,Rain
9/20/2014,82,73,78,29.94,9,3,0.21,Rain
9/21/2014,81,70,71,30.01,10,3,0, 
9/22/2014,81,68,69,30.07,10,4,0, 
9/23/2014,76,58,57,30.09,10,3,0, 
9/24/2014,72,56,64,30.1,10,2,0, 
9/25/2014,73,62,74,30.1,10,3,T, 
9/26/2014,76,64,71,30.06,10,3,0, 
9/27/2014,74,66,78,30,10,2,T,Rain
9/28/2014,77,65,72,29.98,8,3,0, 
9/29/2014,78,64,68,29.92,10,2,0, 
9/30/2014,78,65,70,29.83,10,2,0, 
10/1/2014,84,70,68,29.79,10,5,0, 
10/2/2014,84,72,72,29.82,9,7,0.03,"Rain , Thunderstorm"
10/3/2014,75,51,44,30.06,10,7,0,Thunderstorm
10/4/2014,70,48,51,30.12,10,4,0, 
10/5/2014,75,62,69,29.9,10,6,0, 
10/6/2014,81,69,73,29.86,10,6,0, 
10/7/2014,83,70,67,29.92,9,5,0, 
10/8/2014,82,70,70,29.98,10,6,0, 
10/9/2014,84,71,69,29.93,10,7,T,Rain
10/10/2014,84,70,66,29.89,10,7,0, 
10/11/2014,69,62,85,30.04,7,5,1.42,"Fog , Rain"
10/12/2014,69,63,86,29.88,9,2,0.01,"Rain , Thunderstorm"
10/13/2014,69,59,63,29.8,10,10,0.09,"Rain , Thunderstorm"
10/14/2014,66,43,49,30.09,10,5,0, 
10/15/2014,72,46,46,30.06,10,2,0, 
10/16/2014,72,49,50,29.94,10,4,0, 
10/17/2014,74,60,69,29.9,10,3,0, 
10/18/2014,76,64,67,30,10,2,0, 
10/19/2014,74,63,74,30.06,10,2,0, 
10/20/2014,73,61,73,30.02,9,2,0, 
10/21/2014,71,55,61,30.03,9,3,0, 
10/22/2014,72,59,67,30.06,10,2,T,Rain
10/23/2014,75,59,64,30.09,10,2,T,Rain
10/24/2014,73,59,64,30.12,10,2,0, 
10/25/2014,75,59,62,30.11,10,2,0, 
10/26/2014,74,58,62,29.98,10,4,0, 
10/27/2014,74,61,67,29.89,10,6,0, 
10/28/2014,75,65,74,29.99,10,2,0, 
10/29/2014,73,62,68,30.1,10,3,0, 
10/30/2014,73,59,72,30.1,10,2,T,Rain
10/31/2014,66,49,60,30.22,9,7,0.3,Rain
11/1/2014,58,39,54,30.34,10,5,0, 
11/2/2014,62,45,61,30.26,10,6,0, 
11/3/2014,68,59,72,30.12,10,6,T, 
11/4/2014,67,63,87,30.09,8,5,0.56,Rain
11/5/2014,57,56,97,30.16,6,6,1.51,Rain
11/6/2014,59,51,75,30.28,10,4,0.04,Rain
11/7/2014,60,41,53,30.19,10,2,0, 
11/8/2014,62,47,67,30.1,10,4,0, 
11/9/2014,61,43,59,30.07,10,3,0, 
11/10/2014,63,53,70,29.83,10,6,0, 
11/11/2014,54,41,67,30.03,10,7,0, 
11/12/2014,44,23,50,30.34,10,9,0, 
11/13/2014,36,13,43,30.52,10,8,0, 
11/14/2014,38,17,44,30.4,10,3,0, 
11/15/2014,44,39,72,30.14,5,4,0.02,Rain
11/16/2014,42,45,91,30,4,6,0.01,"Fog , Rain"
11/17/2014,42,21,52,30.4,10,6,0, 
11/18/2014,43,23,51,30.48,10,2,0, 
11/19/2014,51,38,64,30.27,10,3,0, 
11/20/2014,57,57,85,30.08,8,3,0.01,"Fog , Rain"
11/21/2014,68,65,90,30.05,6,5,0.33,"Fog , Rain"
11/22/2014,63,62,97,29.86,6,7,3.33,"Fog , Rain , Thunderstorm"
11/23/2014,67,48,62,29.64,10,5,0, 
11/24/2014,53,32,47,30.06,10,5,0, 
11/25/2014,53,33,53,30.26,10,3,0, 
11/26/2014,60,33,40,30.22,10,3,0, 
11/27/2014,53,33,52,30.45,10,4,0, 
11/28/2014,57,45,62,30.24,10,4,0, 
11/29/2014,65,57,75,30.02,10,7,0, 
11/30/2014,72,62,71,30.03,10,7,0, 
12/1/2014,54,42,69,30.31,10,6,0, 
12/2/2014,45,32,63,30.33,10,4,0, 
12/3/2014,54,50,88,30.18,7,1,0, 
12/4/2014,62,61,94,30.11,3,3,0.06,Rain
12/5/2014,69,64,82,30.08,8,5,0.01,Rain
12/6/2014,62,51,72,30.32,10,6,0, 
12/7/2014,54,48,83,30.33,10,4,0, 
12/8/2014,58,46,69,30.32,10,3,0, 
12/9/2014,56,45,70,30.31,8,1,0, 
12/10/2014,57,50,75,30.2,9,1,0.02,Rain
12/11/2014,62,57,85,30.18,7,5,0.04,Rain
12/12/2014,65,57,78,30.23,10,5,T,Rain
12/13/2014,65,57,79,30.15,9,5,0, 
12/14/2014,68,62,82,29.94,9,6,0.07,Rain
12/15/2014,63,51,58,29.99,10,5,0, 
12/16/2014,55,34,47,30.28,10,5,0, 
12/17/2014,51,44,75,30.14,8,4,0.1,"Rain , Thunderstorm"
12/18/2014,55,51,92,30.1,4,3,T, 
12/19/2014,53,48,89,30.12,7,7,0.59,"Rain , Thunderstorm"
12/20/2014,52,45,82,30.21,9,3,0, 
12/21/2014,53,49,83,30.02,9,5,0, 
12/22/2014,67,52,63,29.7,10,5,0, 
12/23/2014,51,40,66,29.81,10,8,T,Rain
12/24/2014,46,32,62,30.11,10,6,0, 
12/25/2014,49,33,61,30.05,10,6,0, 
12/26/2014,64,57,83,29.93,9,5,0.01,Rain
12/27/2014,54,49,79,30.09,8,8,0.03,Rain
12/28/2014,40,30,71,30.25,10,4,0.13,Rain
12/29/2014,49,36,68,30.14,10,2,0, 
12/30/2014,43,40,87,30.36,6,6,0,Fog
12/31/2014,39,29,70,30.48,10,8,T, 
1/1/2015,37,35,82,30.25,3,5,0.63,"Rain , Thunderstorm"
1/2/2015,41,39,95,30.08,4,5,0.2,"Rain , Thunderstorm"
1/3/2015,51,40,74,29.99,8,3,0.76,"Rain , Thunderstorm"
1/4/2015,43,30,69,30.48,10,7,0, 
1/5/2015,41,23,54,30.6,10,4,0, 
1/6/2015,54,32,50,30.38,10,2,0, 
1/7/2015,41,27,54,30.58,10,9,0, 
1/8/2015,30,12,48,30.54,10,5,T,Rain
1/9/2015,36,26,62,30.48,10,6,0.02,Rain
1/10/2015,34,31,76,30.42,4,3,0.3,"Rain , Thunderstorm"
1/11/2015,42,39,90,30.21,7,3,0.17,Rain
1/12/2015,43,41,88,30.28,5,5,0,Fog
1/13/2015,39,33,83,30.43,7,7,0, 
1/14/2015,39,36,86,30.33,4,5,0, 
1/15/2015,49,36,68,30.33,9,4,0, 
1/16/2015,51,38,64,30.29,10,3,0, 
1/17/2015,54,40,63,30.13,10,3,0, 
1/18/2015,59,30,37,30.28,10,3,0, 
1/19/2015,56,41,59,30.04,10,3,0, 
1/20/2015,61,44,59,29.94,10,3,0, 
1/21/2015,53,50,84,30.07,5,6,0.16,Rain
1/22/2015,47,46,91,30.07,4,10,2.07,Rain
1/23/2015,45,38,77,30.26,8,6,0.4,Rain
1/24/2015,50,36,62,30.2,10,4,0, 
1/25/2015,57,34,53,30.11,10,6,0, 
1/26/2015,60,37,43,30.21,10,5,0, 
1/27/2015,67,40,47,30.15,10,6,0, 
1/28/2015,62,42,60,30.12,10,4,0, 
1/29/2015,66,49,68,30.22,10,4,T, 
1/30/2015,53,36,52,30.37,10,6,T,Rain
1/31/2015,56,51,80,30.04,5,4,0.31,Rain
2/1/2015,59,54,77,29.98,8,7,0.02,Rain
2/2/2015,41,24,48,30.35,10,6,0, 
2/3/2015,42,37,76,30.27,6,2,0.26,Rain
2/4/2015,49,45,92,30.13,5,2,0.06,Rain
2/5/2015,45,35,77,30.38,10,7,T, 
2/6/2015,49,38,69,30.37,10,3,0, 
2/7/2015,55,46,71,30.08,8,5,0, 
2/8/2015,68,56,72,29.9,10,6,0, 
2/9/2015,68,44,49,30.07,10,3,0, 
2/10/2015,64,44,57,29.99,10,4,0, 
2/11/2015,65,49,64,30.03,7,5,0, 
2/12/2015,53,34,51,30.35,10,7,0, 
2/13/2015,55,38,58,30.31,10,2,0, 
2/14/2015,63,47,60,30.22,10,3,0, 
2/15/2015,63,58,80,30.02,10,5,T, 
2/16/2015,51,39,79,30.03,8,9,0.01,Rain
2/17/2015,45,27,59,30.25,10,7,0, 
2/18/2015,49,29,56,30.31,10,4,0, 
2/19/2015,54,40,61,30.25,10,5,0, 
2/20/2015,65,56,72,29.92,10,9,0, 
2/21/2015,67,56,69,29.88,10,6,0, 
2/22/2015,47,44,80,30.14,8,7,0.02,Rain
2/23/2015,34,29,87,30.45,7,9,0.01,Rain
2/24/2015,34,29,84,30.24,8,4,0, 
2/25/2015,49,34,64,29.94,8,3,0.01,Rain
2/26/2015,43,31,74,30.19,10,7,0, 
2/27/2015,34,25,72,30.38,8,7,0.01,Rain
2/28/2015,34,31,93,30.31,5,5,0.1,Rain
3/1/2015,39,38,95,30.29,4,6,0.09,Rain
3/2/2015,42,40,95,30.28,5,4,0.02,Rain
3/3/2015,52,49,95,29.98,2,1,0.01,"Fog , Rain"
3/4/2015,52,56,95,29.9,4,6,0.15,"Fog , Rain , Thunderstorm"
3/5/2015,39,25,61,30.45,9,10,0.13,"Rain , Thunderstorm"
3/6/2015,42,23,54,30.56,10,2,0, 
3/7/2015,49,30,56,30.4,10,2,T, 
3/8/2015,51,48,69,30.17,3,3,0.45,Rain
3/9/2015,52,49,97,29.96,5,4,2.17,Rain
3/10/2015,57,50,78,30.04,10,4,0, 
3/11/2015,57,50,79,30.2,10,6,0, 
3/12/2015,63,52,73,30.1,10,5,0.02,Rain
3/13/2015,66,52,68,30,8,3,0, 
3/14/2015,66,49,61,30.1,10,6,0, 
3/15/2015,60,51,72,30.26,10,3,0, 
3/16/2015,65,56,73,30.21,9,3,0, 
3/17/2015,70,63,82,30.11,8,3,0.01,Rain
3/18/2015,71,61,74,29.99,10,4,0.13,Rain
3/19/2015,73,64,79,29.95,8,5,0, 
3/20/2015,64,61,89,30.09,6,4,1.17,"Fog , Rain"
3/21/2015,58,56,95,30.08,7,4,0.43,Rain
3/22/2015,68,57,75,30.03,10,4,0, 
3/23/2015,66,56,73,30.06,10,3,0, 
3/24/2015,71,60,72,29.97,10,7,0, 
3/25/2015,73,61,72,29.91,10,8,0, 
3/26/2015,62,48,62,30.03,9,10,0.05,Rain
3/27/2015,64,36,44,30.15,10,4,0, 
3/28/2015,66,44,54,30.08,10,5,0, 
3/29/2015,71,56,67,30.06,10,8,0, 
3/30/2015,72,62,76,30.11,10,5,0, 
3/31/2015,74,62,74,30,10,7,0, 
4/1/2015,76,65,71,29.92,9,7,T,Rain
4/2/2015,76,66,76,29.9,8,8,0, 
4/3/2015,76,62,67,29.98,8,7,0, 
4/4/2015,63,44,53,30.24,10,8,0, 
4/5/2015,64,59,78,30,5,4,0.02,Rain
4/6/2015,75,65,76,29.94,8,7,0, 
4/7/2015,78,65,71,29.96,10,8,0, 
4/8/2015,74,67,81,29.92,9,8,T, 
4/9/2015,79,67,73,29.86,9,7,0, 
4/10/2015,65,53,70,30.08,10,5,0.09,"Rain , Thunderstorm"
4/11/2015,65,62,86,30.04,5,3,T,Rain
4/12/2015,75,67,81,29.91,5,5,0.01,Fog
4/13/2015,76,65,67,29.86,8,4,0.09,"Rain , Thunderstorm"
4/14/2015,67,55,67,30.04,10,6,0, 
4/15/2015,69,56,69,29.97,10,4,0, 
4/16/2015,74,66,78,29.91,9,4,0.01,"Rain , Thunderstorm"
4/17/2015,71,65,81,29.92,8,4,0.41,"Rain , Thunderstorm"
4/18/2015,66,63,82,29.87,8,4,0.57,"Fog , Rain , Thunderstorm"
4/19/2015,73,58,60,29.8,7,6,0,"Fog , Thunderstorm"
4/20/2015,64,43,48,29.98,10,6,0, 
4/21/2015,66,53,66,29.95,10,5,0, 
4/22/2015,74,65,79,29.89,10,7,T, 
4/23/2015,77,69,85,29.87,8,4,0, 
4/24/2015,77,72,85,29.82,6,5,0.43,"Rain , Thunderstorm"
4/25/2015,82,64,61,29.74,7,5,0.04,Thunderstorm
4/26/2015,78,69,77,29.65,8,8,0.08,"Rain , Thunderstorm"
4/27/2015,74,62,66,29.68,9,4,0.56,"Rain , Thunderstorm"
4/28/2015,59,52,74,29.98,10,8,0, 
4/29/2015,63,45,61,30.05,10,5,0, 
4/30/2015,67,49,60,29.99,10,3,0, 
5/1/2015,70,52,60,30.02,10,2,0, 
5/2/2015,71,53,58,30.02,10,4,0, 
5/3/2015,71,58,67,29.98,10,6,0, 
5/4/2015,75,63,71,30.02,10,8,0, 
5/5/2015,75,67,77,29.95,6,7,3.84,"Fog , Rain , Thunderstorm"
5/6/2015,79,69,74,29.91,8,8,0.01,Rain
5/7/2015,78,71,81,29.87,9,9,0.02,Rain
5/8/2015,76,73,88,29.87,5,6,0.29,"Rain , Thunderstorm"
5/9/2015,79,71,79,29.82,7,9,0.02,"Rain , Thunderstorm"
5/10/2015,82,71,71,29.8,9,10,0, 
5/11/2015,74,67,78,29.99,7,5,0.4,"Rain , Thunderstorm"
5/12/2015,67,65,91,30.14,8,5,0.23,Rain
5/13/2015,67,66,97,30.08,5,4,1.12,"Fog , Rain , Thunderstorm"
5/14/2015,78,71,83,30.03,6,5,0.08,Rain
5/15/2015,72,68,87,29.95,8,4,0.36,"Rain , Thunderstorm"
5/16/2015,77,70,79,29.85,9,9,0, 
5/17/2015,75,68,83,29.94,6,5,2.6,"Rain , Thunderstorm"
5/18/2015,81,72,77,30.03,9,5,0,Rain
5/19/2015,82,72,73,29.99,8,8,T,Rain
5/20/2015,81,72,75,29.94,8,5,0.33,"Rain , Thunderstorm"
5/21/2015,69,63,84,30.08,10,6,0.02,"Rain , Thunderstorm"
5/22/2015,70,67,91,30.08,6,4,0.03,Rain
5/23/2015,77,71,83,30.02,6,7,1.41,"Fog , Rain , Thunderstorm"
5/24/2015,73,68,81,29.89,10,6,0.76,Rain
5/25/2015,74,69,87,29.84,7,5,5.2,"Fog , Rain , Thunderstorm"
5/26/2015,78,69,80,29.95,6,6,0,Thunderstorm
5/27/2015,76,70,82,30.03,9,5,T,"Rain , Thunderstorm"
5/28/2015,78,73,80,30.01,8,6,0.2,"Rain , Thunderstorm"
5/29/2015,77,66,76,29.95,8,5,0.67,"Rain , Thunderstorm"
5/30/2015,79,68,74,30,10,2,T,"Rain , Thunderstorm"
5/31/2015,77,64,67,30.06,10,2,0, 
6/1/2015,76,65,70,30.03,10,2,0, 
6/2/2015,79,66,70,29.96,10,2,0, 
6/3/2015,78,66,69,29.91,10,5,0, 
6/4/2015,78,66,68,29.95,10,4,0, 
6/5/2015,80,68,72,30,10,4,T, 
6/6/2015,80,67,72,29.97,10,3,0, 
6/7/2015,81,67,71,29.94,10,4,0, 
6/8/2015,82,68,67,29.95,10,3,0, 
6/9/2015,84,67,60,29.89,10,3,0, 
6/10/2015,83,68,62,29.83,10,4,0, 
6/11/2015,84,70,71,29.8,10,7,0, 
6/12/2015,84,73,70,29.82,10,6,0.01, 
6/13/2015,85,72,70,29.84,10,7,T, 
6/14/2015,79,73,87,29.89,8,6,1.34,"Fog , Rain , Thunderstorm"
6/15/2015,82,73,78,29.93,9,4,0.19,"Rain , Thunderstorm"
6/16/2015,78,73,84,29.9,8,7,1.34,"Fog , Rain , Thunderstorm"
6/17/2015,81,74,83,29.85,7,5,2.66,"Fog , Rain , Thunderstorm"
6/18/2015,82,73,82,29.95,10,4,0,Thunderstorm
6/19/2015,78,73,87,30.02,8,1,1.09,"Fog , Rain , Thunderstorm"
6/20/2015,78,73,90,30.02,8,3,0.49,"Fog , Rain , Thunderstorm"
6/21/2015,79,75,85,30.03,7,4,0.93,"Fog , Rain , Thunderstorm"
6/22/2015,81,74,84,30.06,9,5,0, 
6/23/2015,84,73,73,30.1,10,5,0,Thunderstorm
6/24/2015,83,73,78,30.12,10,3,0, 
6/25/2015,83,72,76,30.06,10,4,0, 
6/26/2015,85,73,73,29.98,10,6,0, 
6/27/2015,83,73,75,29.99,10,1,0.01,"Rain , Thunderstorm"
6/28/2015,82,73,73,30,9,2,0.08,"Rain , Thunderstorm"
6/29/2015,84,72,75,29.97,9,5,0, 
6/30/2015,84,73,76,30.01,7,4,0.75,"Fog , Rain , Thunderstorm"
7/1/2015,81,71,78,30.01,10,4,T,Rain
7/2/2015,81,71,78,29.98,10,6,T, 
7/3/2015,84,72,69,29.96,9,6,T, 
7/4/2015,84,73,73,29.98,10,7,0, 
7/5/2015,84,73,75,30,10,7,0, 
7/6/2015,84,72,72,29.99,9,8,0, 
7/7/2015,85,73,71,29.95,10,8,T, 
7/8/2015,85,72,69,29.98,9,8,0, 
7/9/2015,85,71,65,30.03,9,8,0, 
7/10/2015,84,70,68,30.06,9,6,0, 
7/11/2015,83,70,69,30.1,10,5,0, 
7/12/2015,84,71,67,30.05,10,5,0, 
7/13/2015,86,71,69,29.93,10,5,0, 
7/14/2015,86,69,61,29.87,10,6,0, 
7/15/2015,85,70,64,29.91,10,6,0, 
7/16/2015,85,70,69,29.95,10,6,0, 
7/17/2015,86,72,66,29.94,10,7,0, 
7/18/2015,88,72,65,29.96,10,7,0, 
7/19/2015,87,72,65,29.97,10,6,0, 
7/20/2015,86,71,66,29.93,10,5,0, 
7/21/2015,86,71,66,29.88,10,6,0, 
7/22/2015,87,72,64,29.89,10,7,0, 
7/23/2015,88,70,62,29.95,10,7,0, 
7/24/2015,88,71,62,29.98,10,6,0, 
7/25/2015,87,70,66,29.95,10,5,0, 
7/26/2015,87,72,67,29.89,9,6,0, 
7/27/2015,89,72,62,29.9,9,6,0, 
7/28/2015,89,71,63,29.93,9,8,0, 
7/29/2015,89,71,61,29.99,10,6,0, 
7/30/2015,88,66,55,30.01,10,2,0, 
7/31/2015,90,68,52,29.97,10,4,0, 
8/1/2015,86,61,47,29.94,10,3,0, 
8/2/2015,88,61,48,29.88,10,3,0, 
8/3/2015,87,64,54,29.86,10,4,0, 
8/4/2015,89,70,62,29.9,10,6,0, 
8/5/2015,90,71,59,29.93,10,7,0, 
8/6/2015,90,71,59,29.89,10,7,0, 
8/7/2015,89,70,61,29.87,10,6,0, 
8/8/2015,90,73,66,29.86,10,10,0, 
8/9/2015,89,-,65,-,-,-,0, 
8/10/2015,90,-,62,-,-,6,0, 
8/11/2015,90,-,-,-,-,-,0, 
8/12/2015,92,68,43,29.95,10,3,0, 
8/13/2015,91,67,51,29.94,10,3,0, 
8/14/2015,90,69,58,29.95,10,4,0, 
8/15/2015,89,66,54,29.96,10,3,0,Thunderstorm
8/16/2015,87,67,58,29.93,10,4,0, 
8/17/2015,86,68,61,29.91,10,4,0, 
8/18/2015,88,70,62,29.84,10,7,0, 
8/19/2015,89,72,62,29.8,10,6,0, 
8/20/2015,79,71,78,29.94,8,4,0.35,"Rain , Thunderstorm"
8/21/2015,82,71,73,29.96,9,5,T,Rain
8/22/2015,87,73,65,29.92,10,6,0, 
8/23/2015,89,72,64,29.97,10,5,0, 
8/24/2015,89,68,58,30,10,2,0, 
8/25/2015,89,68,56,30.01,10,3,0, 
8/26/2015,86,68,62,30.05,10,3,0, 
8/27/2015,86,64,56,30.01,10,4,0, 
8/28/2015,85,60,50,29.95,10,4,0, 
8/29/2015,83,63,55,29.98,10,3,0, 
8/30/2015,86,65,55,29.97,10,3,0, 
8/31/2015,86,67,59,29.97,10,5,0, 
9/1/2015,84,69,64,30,10,5,0, 
9/2/2015,83,67,65,30.01,10,4,0, 
9/3/2015,84,69,64,29.92,10,3,0, 
9/4/2015,88,72,62,29.91,10,6,0, 
9/5/2015,90,73,62,29.95,10,7,0.01, 
9/6/2015,88,71,63,29.95,10,6,0, 
9/7/2015,88,70,61,29.91,10,6,0, 
9/8/2015,88,71,61,29.89,10,5,0, 
9/9/2015,84,73,74,29.91,8,3,1.05,"Rain , Thunderstorm"
9/10/2015,84,73,71,29.91,7,2,0.79,"Fog , Rain , Thunderstorm"
9/11/2015,84,73,72,29.92,8,3,T, 
9/12/2015,80,57,55,30.02,10,5,0, 
9/13/2015,77,51,49,30.02,10,4,0, 
9/14/2015,77,57,53,30.01,10,5,0, 
9/15/2015,84,70,67,30.02,10,5,T, 
9/16/2015,84,72,72,30.05,9,6,0.04,Rain
9/17/2015,86,71,67,29.99,10,6,0, 
9/18/2015,86,70,64,29.88,10,6,0, 
9/19/2015,85,68,60,29.92,10,3,0, 
9/20/2015,82,63,60,29.96,-,3,0, 
9/21/2015,84,64,57,29.95,-,4,0, 
9/22/2015,84,64,56,29.98,10,4,0, 
9/23/2015,81,62,58,29.99,10,2,0, 
9/24/2015,82,58,49,29.99,10,2,0, 
9/25/2015,84,64,58,30,10,2,T,"Rain , Thunderstorm"
9/26/2015,82,59,54,29.93,10,3,0, 
9/27/2015,81,59,50,29.87,10,2,0, 
9/28/2015,79,63,64,29.83,10,3,0, 
9/29/2015,81,64,63,29.86,10,2,0, 
9/30/2015,83,62,56,29.94,10,2,0, 
10/1/2015,82,60,52,30,9,4,0, 
10/2/2015,78,50,45,29.97,10,5,0, 
10/3/2015,72,43,40,29.88,10,3,0, 
10/4/2015,73,47,45,29.95,10,2,0, 
10/5/2015,76,52,45,30.03,10,2,0, 
10/6/2015,77,53,44,30.07,10,3,0, 
10/7/2015,77,58,54,30.02,10,3,0, 
10/8/2015,80,64,64,30,10,3,0, 
10/9/2015,80,64,62,30.07,10,2,0, 
10/10/2015,79,59,56,30.11,10,3,0, 
10/11/2015,80,61,55,29.92,10,4,0, 
10/12/2015,86,67,62,29.78,9,6,0, 
10/13/2015,79,45,45,29.96,10,5,0, 
10/14/2015,78,41,36,30.03,10,3,0, 
10/15/2015,79,56,55,30.06,10,4,0, 
10/16/2015,76,56,60,30.15,10,2,0, 
10/17/2015,75,48,46,30.22,10,4,0, 
10/18/2015,71,35,33,30.27,10,4,0, 
10/19/2015,70,45,46,30.19,10,4,0, 
10/20/2015,73,58,61,30.08,10,4,0, 
10/21/2015,79,68,71,30.06,10,8,T,Rain
10/22/2015,76,70,85,29.97,7,7,0.16,Rain
10/23/2015,76,73,91,29.89,7,6,0.43,"Rain , Thunderstorm"
10/24/2015,68,66,94,29.9,4,9,4.79,Rain
10/25/2015,61,57,89,30.02,8,9,0.65,Rain
10/26/2015,69,54,62,29.97,10,6,0, 
10/27/2015,71,53,61,29.85,10,3,0, 
10/28/2015,70,50,53,29.85,10,4,0, 
10/29/2015,66,54,66,29.89,10,4,0, 
10/30/2015,71,70,90,29.73,4,8,4.93,"Fog , Rain , Thunderstorm"
10/31/2015,71,65,82,29.75,8,4,0.89,"Rain , Thunderstorm"
11/1/2015,67,57,75,29.96,10,3,0.07,Rain
11/2/2015,68,58,75,29.98,5,3,0,Fog
11/3/2015,69,59,74,30.01,7,3,0,Fog
11/4/2015,70,64,82,30.02,9,5,T,Rain
11/5/2015,79,72,83,29.97,9,6,0.05,"Rain , Thunderstorm"
11/6/2015,68,54,62,30.06,10,3,0.02,Rain
11/7/2015,60,54,79,30.17,8,8,0.53,"Fog , Rain"
11/8/2015,62,43,56,30.23,10,5,0, 
11/9/2015,63,50,66,30.12,10,1,0, 
11/10/2015,67,63,82,30.02,10,4,0, 
11/11/2015,77,64,62,29.87,10,7,0, 
11/12/2015,64,36,36,30.19,10,6,0, 
11/13/2015,61,39,47,30.28,10,4,0, 
11/14/2015,60,46,66,30.3,10,3,0.01,Rain
11/15/2015,62,53,73,30.18,10,4,0, 
11/16/2015,70,67,92,29.85,8,7,0.01,Rain
11/17/2015,61,55,69,29.66,8,4,1.03,Rain
11/18/2015,58,42,64,29.86,10,2,0, 
11/19/2015,63,46,59,30.08,10,1,0, 
11/20/2015,65,55,67,30.03,10,4,0, 
11/21/2015,54,47,63,30.12,10,7,T, 
11/22/2015,47,29,56,30.32,10,2,0, 
11/23/2015,48,33,61,30.29,10,2,0, 
11/24/2015,56,50,74,30.14,10,3,0, 
11/25/2015,68,61,77,30.07,10,5,T,Rain
11/26/2015,71,69,91,30.1,8,7,0.26,Rain
11/27/2015,58,58,94,30.14,6,7,1.46,"Fog , Rain"
11/28/2015,42,39,91,30.23,9,7,0.25,Rain
11/29/2015,45,42,91,30.18,8,4,0.04,Rain
11/30/2015,50,45,86,30.06,10,2,0, 
12/1/2015,53,43,72,30.05,10,2,0, 
12/2/2015,55,40,65,30.18,10,3,0,Fog
12/3/2015,52,37,61,30.38,10,1,0, 
12/4/2015,50,38,66,30.45,10,2,0, 
12/5/2015,51,39,66,30.43,10,2,0, 
12/6/2015,57,46,71,30.4,10,2,0, 
12/7/2015,57,43,64,30.27,10,1,0, 
12/8/2015,59,48,70,30.03,10,3,0, 
12/9/2015,62,47,61,29.98,10,2,0, 
12/10/2015,65,58,78,29.86,8,4,0, 
12/11/2015,66,61,79,29.83,6,6,0,Fog
12/12/2015,73,67,85,29.75,9,9,0.01,Rain
12/13/2015,60,52,84,29.7,6,4,1.54,Rain
12/14/2015,59,41,57,29.78,10,3,0, 
12/15/2015,64,60,86,29.72,10,4,0, 
12/16/2015,55,29,40,29.92,10,8,0, 
12/17/2015,54,31,54,30.08,10,4,0, 
12/18/2015,46,31,55,30.37,10,3,0, 
12/19/2015,51,40,68,30.4,10,4,0, 
12/20/2015,59,56,89,30.12,10,5,T,Rain
12/21/2015,65,61,79,29.96,9,2,0, 
12/22/2015,64,57,69,29.7,10,5,0, 
12/23/2015,67,54,59,29.57,9,3,0, 
12/24/2015,63,56,81,29.84,9,1,0, 
12/25/2015,61,53,77,29.95,9,2,0, 
12/26/2015,74,69,85,29.72,9,10,0.1,Rain
12/27/2015,55,47,89,29.68,8,10,1.32,"Rain , Thunderstorm"
12/28/2015,41,30,75,29.94,10,8,T, 
12/29/2015,43,36,74,30.09,8,3,0.03,Rain
12/30/2015,49,42,80,30.23,7,4,T,Rain
12/31/2015,46,39,78,30.32,10,6,0, 
1/1/2016,46,33,60,30.48,-,8,T,Rain
1/2/2016,45,34,77,30.42,-,2,0.2,Rain
1/3/2016,52,39,70,30.3,10,3,T,Rain
1/4/2016,48,31,58,30.33,10,4,0, 
1/5/2016,46,36,68,30.28,10,3,T,Rain
1/6/2016,50,47,86,30.05,5,3,0.13,"Rain , Thunderstorm"
1/7/2016,61,50,71,29.9,5,2,0,Fog
1/8/2016,55,50,86,29.79,7,3,0,Thunderstorm
1/9/2016,48,34,59,30.02,10,9,0, 
1/10/2016,42,26,61,30.3,10,4,0, 
1/11/2016,45,28,59,30.26,10,1,0, 
1/12/2016,50,34,58,30.28,10,2,0, 
1/13/2016,52,39,68,30.17,10,2,0, 
1/14/2016,59,50,75,29.91,10,3,0, 
1/15/2016,59,39,58,29.79,10,3,0, 
1/16/2016,54,37,61,29.96,10,5,T,Rain
1/17/2016,45,32,65,30.19,10,3,0, 
1/18/2016,48,36,70,30.32,10,2,0, 
1/19/2016,56,47,78,30.19,7,4,0, 
1/20/2016,51,39,70,30.1,10,4,0, 
1/21/2016,54,46,66,30,6,7,0.01,Rain
1/22/2016,46,29,56,30.31,10,8,0, 
1/23/2016,44,30,61,30.28,10,3,0, 
1/24/2016,53,41,61,30.03,10,5,0, 
1/25/2016,66,51,66,29.94,10,4,0, 
1/26/2016,51,32,50,30.2,10,10,T,Rain
1/27/2016,48,26,47,30.32,10,5,0, 
1/28/2016,52,32,53,30.17,10,2,0, 
1/29/2016,57,35,53,30.02,10,4,0, 
1/30/2016,62,46,59,29.87,10,6,0, 
1/31/2016,72,54,55,29.81,10,5,0, 
2/1/2016,66,54,73,29.74,7,8,0,Fog
2/2/2016,62,27,28,29.78,10,6,0, 
2/3/2016,49,25,41,30.2,10,7,0, 
2/4/2016,47,23,49,30.46,10,3,0, 
2/5/2016,48,28,47,30.38,10,4,0, 
2/6/2016,51,31,51,30.35,10,7,0,"Rain , Thunderstorm"
2/7/2016,50,33,62,30.23,10,3,0, 
2/8/2016,56,20,37,30.34,10,8,0, 
2/9/2016,57,27,40,30.32,10,6,0, 
2/10/2016,56,33,54,30.3,10,3,0, 
2/11/2016,68,37,36,30.12,10,5,0, 
2/12/2016,63,43,60,30.21,10,3,0, 
2/13/2016,64,47,60,30.25,10,6,0, 
2/14/2016,66,55,71,29.97,10,6,0, 
2/15/2016,62,49,59,29.89,10,5,0, 
2/16/2016,63,40,49,29.99,10,4,0, 
2/17/2016,63,33,35,30.2,10,6,0, 
2/18/2016,67,54,68,30.16,10,9,0, 
2/19/2016,73,58,63,30.1,10,8,0, 
2/20/2016,71,62,76,30.03,10,6,0, 
2/21/2016,68,63,86,30,10,3,0.01,Rain
2/22/2016,65,56,74,29.88,10,4,0, 
2/23/2016,54,50,76,29.73,8,9,1.33,"Rain , Thunderstorm"
2/24/2016,54,30,49,30.18,10,7,0, 
2/25/2016,54,31,53,30.31,10,5,0, 
2/26/2016,53,29,42,30.4,10,3,0, 
2/27/2016,58,45,62,30.24,10,5,0, 
2/28/2016,67,55,72,30.04,10,7,0, 
2/29/2016,70,60,72,30.04,10,6,0, 
3/1/2016,70,55,62,30.02,10,8,0, 
3/2/2016,64,47,59,30.06,10,6,0, 
3/3/2016,73,50,53,29.97,10,7,0, 
3/4/2016,61,37,48,30.12,10,4,0, 
3/5/2016,68,54,66,30.13,10,6,0, 
3/6/2016,68,57,74,30.08,9,9,0, 
3/7/2016,70,62,76,29.83,9,11,0.01,Rain
3/8/2016,76,66,74,29.69,8,9,0.22,"Rain , Thunderstorm"
3/9/2016,65,58,92,29.75,6,8,2.18,"Rain , Thunderstorm"
3/10/2016,61,59,92,29.88,8,8,0.4,Rain
3/11/2016,65,61,87,29.93,7,3,0.36,"Rain , Thunderstorm"
3/12/2016,66,56,75,29.9,10,4,T,Rain
3/13/2016,71,51,59,29.79,8,4,0, 
3/14/2016,73,50,48,29.79,10,5,0, 
3/15/2016,80,58,59,29.79,7,6,0, 
3/16/2016,71,57,61,29.93,9,5,0, 
3/17/2016,73,66,76,29.88,6,4,0.02,Rain
3/18/2016,68,66,85,29.82,7,5,0.07,"Rain , Thunderstorm"
3/19/2016,55,36,52,30.16,10,11,0, 
3/20/2016,53,28,44,30.39,10,5,0, 
3/21/2016,52,34,57,30.37,10,4,0, 
3/22/2016,62,50,67,30.06,10,9,0, 
3/23/2016,74,62,71,29.8,10,9,0.05, 
3/24/2016,59,46,51,29.93,8,8,0.15,"Rain , Thunderstorm"
3/25/2016,57,41,60,29.95,10,4,0, 
3/26/2016,61,53,75,29.9,9,4,0, 
3/27/2016,65,55,70,30.03,8,5,T,Rain
3/28/2016,62,42,51,30.09,10,4,0, 
3/29/2016,64,62,76,29.91,5,6,0.02,Rain
3/30/2016,73,69,88,29.74,5,7,0.03,Rain
3/31/2016,76,56,59,29.67,7,5,0, 
4/1/2016,59,45,57,29.97,9,8,0.34,"Rain , Thunderstorm"
4/2/2016,60,38,50,30.24,10,5,0, 
4/3/2016,62,41,58,30.18,10,3,0, 
4/4/2016,68,46,48,30.15,10,4,0, 
4/5/2016,68,47,50,30.14,10,5,0, 
4/6/2016,69,48,56,30.04,10,6,0, 
4/7/2016,67,45,55,30.01,10,3,0, 
4/8/2016,68,43,51,30.11,10,4,0, 
4/9/2016,68,53,63,30.09,10,5,0.02,"Rain , Thunderstorm"
4/10/2016,72,62,75,29.96,10,8,T, 
4/11/2016,80,68,74,29.89,10,5,T, 
4/12/2016,68,61,83,30.03,8,7,1.19,"Rain , Thunderstorm"
4/13/2016,65,60,83,30.04,8,4,0.4,Rain
4/14/2016,66,56,75,30,6,4,0,Fog
4/15/2016,67,58,77,29.87,8,5,0, 
4/16/2016,70,66,92,29.84,7,8,0.25,Rain
4/17/2016,71,67,90,29.93,5,6,1.34,"Fog , Rain , Thunderstorm"
4/18/2016,69,65,87,30.05,6,4,1.13,"Rain , Thunderstorm"
4/19/2016,72,64,79,30.06,6,2,0, 
4/20/2016,71,63,72,29.98,9,4,0.58,"Rain , Thunderstorm"
4/21/2016,72,61,70,29.97,8,5,0.41,"Rain , Thunderstorm"
4/22/2016,72,55,63,30.06,10,4,0, 
4/23/2016,69,54,61,30.02,10,3,0, 
4/24/2016,71,63,79,29.86,10,6,T, 
4/25/2016,79,69,76,29.77,10,7,0,Thunderstorm
4/26/2016,79,69,77,29.67,8,9,0, 
4/27/2016,76,58,54,29.69,8,5,0.54,"Rain , Thunderstorm"
4/28/2016,75,66,71,29.78,8,7,T, 
4/29/2016,80,73,82,29.65,7,7,T,Rain
4/30/2016,76,67,73,29.7,8,4,0.92,"Fog , Rain , Thunderstorm"
5/1/2016,72,60,69,29.89,10,7,T, 
5/2/2016,64,51,68,30.07,10,7,T,"Rain , Thunderstorm"
5/3/2016,67,48,60,30.08,10,4,0, 
5/4/2016,71,51,57,30.04,10,5,0, 
5/5/2016,74,53,51,30.02,10,4,0, 
5/6/2016,71,53,60,30.03,10,3,0, 
5/7/2016,73,58,65,29.96,10,6,0, 
5/8/2016,70,65,88,29.85,10,8,0.11,Rain
5/9/2016,77,66,69,29.76,10,7,0, 
5/10/2016,79,70,75,29.87,6,8,0.27,"Rain , Thunderstorm"
5/11/2016,76,67,76,29.98,8,6,0.33,"Rain , Thunderstorm"
5/12/2016,76,68,78,30.09,9,4,0.11,"Rain , Thunderstorm"
5/13/2016,79,67,69,30.09,10,4,T, 
5/14/2016,72,68,87,30.07,6,2,0.77,"Rain , Thunderstorm"
5/15/2016,67,62,83,30.05,9,4,0.23,Rain
5/16/2016,74,66,84,29.92,6,5,0.26,Rain
5/17/2016,74,66,83,29.92,6,5,0.2,"Rain , Thunderstorm"
5/18/2016,71,61,77,30.02,10,7,0.16,"Rain , Thunderstorm"
5/19/2016,69,61,84,29.97,5,5,2.25,"Rain , Thunderstorm"
5/20/2016,73,62,74,29.98,9,3,0, 
5/21/2016,77,69,81,30,10,4,0, 
5/22/2016,80,72,82,29.94,10,5,T, 
5/23/2016,78,72,84,29.88,9,7,0.01,Rain
5/24/2016,81,72,76,29.91,10,8,0, 
5/25/2016,82,75,81,29.96,8,6,0, 
5/26/2016,79,73,76,29.84,8,7,0.52,"Rain , Thunderstorm"
5/27/2016,71,66,87,29.76,8,6,0.35,"Rain , Thunderstorm"
5/28/2016,78,69,79,29.9,6,5,0.02,"Fog , Rain , Thunderstorm"
5/29/2016,79,71,78,30.03,8,6,0.18,"Rain , Thunderstorm"
5/30/2016,78,67,67,29.99,8,5,0.31,"Rain , Thunderstorm"
5/31/2016,75,71,85,29.87,8,3,1.07,"Rain , Thunderstorm"
6/1/2016,78,69,75,29.88,6,2,0.19,Rain
6/2/2016,76,69,76,29.88,7,4,0.36,"Rain , Thunderstorm"
6/3/2016,75,66,74,29.89,6,3,1.61,"Rain , Thunderstorm"
6/4/2016,77,68,76,29.89,9,5,0.1,Rain
6/5/2016,78,62,66,29.86,10,6,0, 
6/6/2016,80,59,53,29.85,10,4,0, 
6/7/2016,81,65,64,29.88,10,2,0, 
6/8/2016,81,70,71,29.9,10,3,0, 
6/9/2016,82,70,73,29.92,10,5,0, 
6/10/2016,80,71,77,29.95,10,3,0, 
6/11/2016,85,74,72,30,9,6,0, 
6/12/2016,86,76,74,30,10,6,0, 
6/13/2016,85,75,76,29.94,10,5,0, 
6/14/2016,86,74,71,29.85,10,6,0, 
6/15/2016,87,73,66,29.9,8,7,0, 
6/16/2016,86,73,71,29.94,9,6,0, 
6/17/2016,87,73,70,29.93,10,6,0, 
6/18/2016,86,73,67,29.96,9,4,0, 
6/19/2016,86,73,67,30.06,10,4,0, 
6/20/2016,85,71,65,30.14,10,4,0, 
6/21/2016,86,71,66,30.08,10,4,0, 
6/22/2016,86,72,72,30,10,6,0, 
6/23/2016,85,72,70,30.03,10,6,0, 
6/24/2016,84,73,73,30.01,10,6,0, 
6/25/2016,83,75,81,30.03,10,5,0.02,"Rain , Thunderstorm"
6/26/2016,86,73,73,30.07,9,5,0, 
6/27/2016,86,71,65,30.06,10,2,0, 
6/28/2016,87,71,69,30.02,9,3,0.33,"Rain , Thunderstorm"
6/29/2016,84,70,66,29.97,10,2,0, 
6/30/2016,85,71,65,29.94,10,4,0, 
7/1/2016,85,71,70,29.97,10,5,0, 
7/2/2016,87,73,67,29.97,10,7,0, 
7/3/2016,88,74,67,29.91,10,8,0, 
7/4/2016,90,74,62,29.9,10,8,0, 
7/5/2016,89,74,65,29.95,9,8,0, 
7/6/2016,90,73,68,29.94,10,8,0, 
7/7/2016,89,73,64,29.92,10,9,0, 
7/8/2016,90,73,64,29.96,10,7,0, 
7/9/2016,89,73,65,29.99,10,7,0, 
7/10/2016,87,74,67,29.95,9,6,0.04,"Rain , Thunderstorm"
7/11/2016,90,71,60,29.88,10,9,0, 
7/12/2016,89,72,64,29.91,10,9,0, 
7/13/2016,91,73,64,29.96,10,8,0, 
7/14/2016,89,73,64,29.96,10,8,0, 
7/15/2016,90,71,62,29.97,10,7,0, 
7/16/2016,88,72,66,29.98,10,5,0, 
7/17/2016,88,72,63,30.02,10,7,0, 
7/18/2016,89,72,65,30.09,10,5,0, 
7/19/2016,89,72,64,30.11,10,5,0, 
7/20/2016,89,72,62,30.12,10,5,0, 
7/21/2016,89,69,60,30.07,10,4,0, 
7/22/2016,89,69,59,30.01,10,4,0, 
7/23/2016,90,71,60,29.93,10,6,0, 
7/24/2016,90,73,64,29.91,10,5,0, 
7/25/2016,89,73,66,29.91,9,3,0.76,"Rain , Thunderstorm"
7/26/2016,84,75,76,29.93,7,2,0.08,"Rain , Thunderstorm"
7/27/2016,83,74,78,29.97,6,3,1.06,"Fog , Rain , Thunderstorm"
7/28/2016,86,73,70,29.98,10,3,0,Thunderstorm
7/29/2016,85,72,67,29.97,10,4,0, 
7/30/2016,87,73,71,29.98,10,5,0, 
7/31/2016,88,73,66,29.97,-,6,0, 
8/1/2016,87,70,62,30,10,6,0, 
8/2/2016,87,72,67,30.03,10,5,0, 
8/3/2016,88,72,68,29.98,10,4,0, 
8/4/2016,88,72,65,29.92,10,5,0, 
8/5/2016,89,73,67,29.93,10,5,0, 
8/6/2016,89,71,63,29.93,10,4,0, 
8/7/2016,89,72,65,29.89,10,6,0, 
8/8/2016,89,72,65,29.86,10,5,0, 
8/9/2016,91,73,66,29.88,10,6,0, 
8/10/2016,92,73,64,29.93,10,5,0, 
8/11/2016,90,74,64,29.91,10,5,0, 
8/12/2016,92,73,63,29.81,10,5,0, 
8/13/2016,87,73,73,29.82,10,3,0.1,"Rain , Thunderstorm"
8/14/2016,78,75,90,29.91,7,3,0.92,"Rain , Thunderstorm"
8/15/2016,74,72,97,30,5,2,2.35,Rain
8/16/2016,77,73,90,30.02,6,3,1.79,"Fog , Rain , Thunderstorm"
8/17/2016,80,75,90,30.06,8,3,0.3,"Rain , Thunderstorm"
8/18/2016,81,75,84,30.04,9,2,0.17,Rain
8/19/2016,84,75,76,29.94,9,5,0.06,Rain
8/20/2016,78,74,87,29.89,8,4,0.74,"Rain , Thunderstorm"
8/21/2016,78,73,87,29.97,9,2,0.11,Rain
8/22/2016,83,74,75,30.05,9,4,0.04,Rain
8/23/2016,86,74,70,30.09,10,7,0, 
8/24/2016,85,73,72,30.09,10,6,0, 
8/25/2016,84,73,75,30.04,10,2,0.04, 
8/26/2016,84,73,73,30,10,3,0, 
8/27/2016,82,71,73,29.96,10,3,0, 
8/28/2016,83,72,72,29.98,9,3,0.16,Rain
8/29/2016,82,72,75,29.98,9,5,0.06,Rain
8/30/2016,83,72,73,29.97,10,4,0, 
8/31/2016,84,72,75,29.93,10,2,0.09,Rain
9/1/2016,86,72,70,29.92,10,4,0, 
9/2/2016,84,72,73,29.97,10,3,0, 
9/3/2016,83,72,73,29.95,9,3,T, 
9/4/2016,84,73,73,29.96,9,3,0.01,"Rain , Thunderstorm"
9/5/2016,84,74,77,30.01,10,5,T,"Rain , Thunderstorm"
9/6/2016,86,76,79,30.07,10,6,0.01,"Rain , Thunderstorm"
9/7/2016,87,76,75,30.08,10,6,0, 
9/8/2016,86,73,70,29.99,10,6,0, 
9/9/2016,86,73,72,29.93,10,6,0, 
9/10/2016,82,71,68,30.06,9,6,0.05,Rain
9/11/2016,81,66,64,30.08,10,2,0, 
9/12/2016,82,69,70,29.94,10,3,0, 
9/13/2016,84,72,73,29.96,10,3,T,Rain
9/14/2016,84,71,66,30.02,10,3,T,Rain
9/15/2016,83,71,70,29.97,10,3,0, 
9/16/2016,85,71,69,29.92,10,2,0, 
9/17/2016,85,72,67,29.94,10,1,0, 
9/18/2016,87,73,70,29.93,10,2,0, 
9/19/2016,88,73,68,29.97,10,3,0, 
9/20/2016,87,71,66,30.01,10,3,0, 
9/21/2016,86,69,62,29.99,10,2,0, 
9/22/2016,82,69,64,29.95,10,5,0, 
9/23/2016,85,74,73,29.96,9,5,0.03,Rain
9/24/2016,87,74,72,29.95,10,5,0.01,"Rain , Thunderstorm"
9/25/2016,79,73,83,29.98,9,4,0.76,"Fog , Rain , Thunderstorm"
9/26/2016,70,69,89,30.08,7,6,1.22,Rain
9/27/2016,74,62,71,30.07,10,3,0, 
9/28/2016,77,60,61,30.04,10,1,0, 
9/29/2016,75,55,61,30.15,10,5,0, 
9/30/2016,72,52,54,30.14,10,2,0, 
10/1/2016,70,56,65,30.06,10,1,T, 
10/2/2016,72,58,65,30.02,10,2,0, 
10/3/2016,75,61,66,29.91,10,3,0, 
10/4/2016,81,69,69,29.8,10,5,0, 
10/5/2016,84,72,72,29.87,10,5,0, 
10/6/2016,84,72,71,29.91,10,5,T, 
10/7/2016,76,69,74,30.02,10,5,T,Rain
10/8/2016,74,60,69,30.18,10,5,0, 
10/9/2016,71,47,49,30.21,10,4,0, 
10/10/2016,68,46,53,30.16,10,1,0, 
10/11/2016,71,53,57,30.09,10,1,0, 
10/12/2016,76,65,66,30.04,10,3,0, 
10/13/2016,79,69,73,30.09,10,2,0.17,Rain
10/14/2016,77,67,74,30.1,7,3,T,"Fog , Rain"
10/15/2016,81,70,70,30.02,10,4,0, 
10/16/2016,85,70,66,29.94,10,5,0, 
10/17/2016,84,70,69,29.86,10,6,0, 
10/18/2016,84,71,67,29.85,10,6,0, 
10/19/2016,84,71,71,29.93,10,5,0, 
10/20/2016,74,61,60,30.07,10,7,0, 
10/21/2016,65,45,50,30.23,10,3,0, 
10/22/2016,64,45,57,30.17,10,2,0, 
10/23/2016,70,55,63,30.15,10,3,T,"Rain , Thunderstorm"
10/24/2016,77,64,71,30.19,10,4,T, 
10/25/2016,77,63,72,30.16,8,3,0, 
10/26/2016,76,62,69,30.12,10,2,0, 
10/27/2016,76,62,68,30.16,10,3,0, 
10/28/2016,74,60,67,30.16,10,2,0, 
10/29/2016,75,62,68,30.13,10,2,0, 
10/30/2016,76,63,67,30.11,10,2,0, 
10/31/2016,73,62,72,30.05,8,3,0,Fog
11/1/2016,81,71,72,29.98,9,5,0.33,"Rain , Thunderstorm"
11/2/2016,81,72,78,30.06,9,6,0.01,Rain
11/3/2016,74,70,84,30.19,8,5,1.07,"Fog , Rain , Thunderstorm"
11/4/2016,71,66,89,30.24,9,4,0, 
11/5/2016,68,66,91,30.22,6,2,0.24,Rain
11/6/2016,68,60,85,30.13,10,2,0.07,Rain
11/7/2016,66,65,94,30.09,5,2,0.08,Rain
11/8/2016,66,64,92,30.16,8,4,0.49,"Rain , Thunderstorm"
11/9/2016,63,61,94,30.23,6,6,0.17,Rain
11/10/2016,64,55,72,30.29,10,3,0, 
11/11/2016,65,57,79,30.25,8,2,T,Rain
11/12/2016,67,57,72,30.22,8,4,0, 
11/13/2016,65,55,75,30.18,10,2,0, 
11/14/2016,69,58,74,30.09,6,2,0,Fog
11/15/2016,73,55,60,30.04,10,2,0, 
11/16/2016,71,52,58,29.97,10,3,0, 
11/17/2016,70,61,74,29.9,9,7,0, 
11/18/2016,66,55,62,30.1,10,7,T,Rain
11/19/2016,52,30,46,30.54,10,5,0, 
11/20/2016,51,32,55,30.35,10,2,0, 
11/21/2016,61,48,64,30.09,10,5,0, 
11/22/2016,69,64,83,29.94,9,5,0.49,"Rain , Thunderstorm"
11/23/2016,62,54,71,30.11,9,3,0.13,Rain
11/24/2016,61,52,70,30.19,10,1,0, 
11/25/2016,61,57,87,30.32,10,4,0.03,Rain
11/26/2016,62,51,69,30.31,10,2,0, 
11/27/2016,66,59,75,29.93,10,6,0, 
11/28/2016,65,49,53,29.57,10,6,0, 
11/29/2016,64,42,53,29.67,10,3,0, 
11/30/2016,55,33,45,30.02,10,4,0, 
12/1/2016,53,34,56,30.08,10,3,0, 
12/2/2016,58,49,77,30.05,10,4,0.22,Rain
12/3/2016,51,49,95,29.97,6,6,1.29,Rain
12/4/2016,51,48,88,30.01,8,6,0.37,Rain
12/5/2016,50,48,95,29.85,5,3,0.63,Rain
12/6/2016,51,45,84,29.94,8,4,0,Fog
12/7/2016,48,45,86,30.11,7,3,0, 
12/8/2016,44,31,68,30.49,10,10,0, 
12/9/2016,40,20,45,30.6,10,5,0, 
12/10/2016,44,37,75,30.37,8,3,0, 
12/11/2016,59,55,91,30.04,5,4,0.02,"Fog , Rain"
12/12/2016,57,47,73,30.02,10,3,0, 
12/13/2016,64,54,73,30.01,7,4,0, 
12/14/2016,50,43,78,30.18,10,4,0, 
12/15/2016,50,42,78,30.31,7,5,0, 
12/16/2016,59,54,82,29.94,8,5,0, 
12/17/2016,55,59,80,29.78,6,6,0, 
12/18/2016,32,12,48,30.49,10,12,0, 
12/19/2016,34,12,42,30.68,10,5,0, 
12/20/2016,47,20,40,30.46,10,2,0, 
12/21/2016,57,32,41,30.2,10,4,0, 
12/22/2016,59,36,48,30.26,10,4,0, 
12/23/2016,60,54,74,30.1,6,1,0.01,"Fog , Rain"
12/24/2016,72,66,85,30.02,9,7,T, 
12/25/2016,74,65,74,29.94,10,9,0, 
12/26/2016,77,69,74,30.11,10,4,T,Rain
12/27/2016,69,58,72,30.2,10,1,T, 
12/28/2016,73,64,72,30.08,9,3,0, 
12/29/2016,60,27,51,30.38,10,9,0, 
12/30/2016,52,23,38,30.31,10,4,T, 
12/31/2016,64,51,70,29.9,10,3,T,Rain
1/1/2017,63,52,74,29.85,8,2,0,Fog
1/2/2017,64,54,79,29.85,8,5,0.4,"Rain , Thunderstorm"
1/3/2017,60,39,52,30.04,10,4,0, 
1/4/2017,42,28,58,30.13,10,6,0, 
1/5/2017,49,35,64,29.96,10,4,0, 
1/6/2017,29,15,55,30.31,10,10,0, 
1/7/2017,32,11,48,30.74,10,4,0, 
1/8/2017,37,18,50,30.64,10,4,0, 
1/9/2017,57,47,69,30.3,10,5,0, 
1/10/2017,69,56,66,30.02,10,7,0, 
1/11/2017,70,60,72,29.95,10,8,0, 
1/12/2017,74,63,70,30.04,10,8,0, 
1/13/2017,67,63,74,30.25,8,7,0.65,"Fog , Rain"
1/14/2017,52,50,92,30.33,3,4,0.07,Rain
1/15/2017,62,59,87,30.01,4,5,0.61,"Rain , Thunderstorm"
1/16/2017,64,56,78,29.97,9,1,0.3,"Rain , Thunderstorm"
1/17/2017,54,48,86,30.11,7,6,1.57,"Fog , Rain , Thunderstorm"
1/18/2017,52,48,93,30.09,8,4,0.51,"Rain , Thunderstorm"
1/19/2017,62,52,79,29.83,10,3,T,Rain
1/20/2017,62,50,66,29.74,9,1,0, 
1/21/2017,65,51,62,29.58,7,6,0.02,Fog
1/22/2017,62,34,38,29.75,10,11,0, 
1/23/2017,61,36,44,29.94,10,4,0, 
1/24/2017,67,51,62,29.71,10,7,0, 
1/25/2017,59,36,53,29.92,10,7,0, 
1/26/2017,50,27,46,30.27,10,3,0, 
1/27/2017,48,24,48,30.35,10,5,0, 
1/28/2017,50,31,52,30.35,10,6,T,Rain
1/29/2017,55,30,44,30.32,10,6,0, 
1/30/2017,63,30,38,30.19,10,5,0, 
1/31/2017,61,36,44,30.03,10,4,0, 
2/1/2017,67,52,68,29.98,8,4,0, 
2/2/2017,55,35,52,30.22,10,7,0, 
2/3/2017,49,34,57,30.37,10,6,T, 
2/4/2017,49,46,77,30.24,4,1,0.02,Rain
2/5/2017,62,59,89,30.06,6,3,T,Fog
2/6/2017,73,65,76,29.91,9,5,T,Rain
2/7/2017,71,54,59,29.8,8,2,0, 
2/8/2017,69,41,49,29.88,10,5,0, 
2/9/2017,56,31,39,30.28,10,5,0, 
2/10/2017,65,51,70,30.16,10,3,0, 
2/11/2017,76,64,71,29.99,8,6,0, 
2/12/2017,73,61,73,30.09,9,5,0, 
2/13/2017,71,55,63,30.05,10,9,T, 
2/14/2017,57,47,80,29.94,8,9,0.86,"Rain , Thunderstorm"
2/15/2017,54,33,53,30.16,10,7,0, 
2/16/2017,55,36,54,30.1,10,3,0, 
2/17/2017,64,50,67,29.85,10,6,0, 
2/18/2017,74,56,58,29.78,10,6,0, 
2/19/2017,71,66,76,29.84,7,8,0.09,"Rain , Thunderstorm"
2/20/2017,64,57,80,29.95,8,4,1.12,"Rain , Thunderstorm"
2/21/2017,67,43,61,29.97,10,6,0, 
2/22/2017,69,45,48,29.86,10,3,0, 
2/23/2017,73,49,50,29.64,10,5,0, 
2/24/2017,67,35,31,29.8,10,6,0, 
2/25/2017,54,28,42,30.13,10,6,0, 
2/26/2017,57,50,77,29.95,10,3,T, 
2/27/2017,74,65,76,29.92,8,6,T, 
2/28/2017,75,67,79,29.89,7,7,0, 
3/1/2017,64,45,59,30.08,9,8,0, 
3/2/2017,58,22,30,30.4,10,5,0, 
3/3/2017,56,29,45,30.48,10,6,0, 
3/4/2017,57,52,72,30.33,6,4,0.66,Rain
3/5/2017,66,60,84,30.11,6,4,0.27,Rain
3/6/2017,76,66,76,29.94,10,9,T,Rain
3/7/2017,69,51,61,30.12,10,6,T, 
3/8/2017,68,50,56,30.23,10,4,T, 
3/9/2017,74,64,79,30.13,10,5,T,"Rain , Thunderstorm"
3/10/2017,73,62,70,30.11,10,2,T, 
3/11/2017,64,62,94,30.09,6,4,0.73,Rain
3/12/2017,55,47,85,30.21,9,7,0.01,Rain
3/13/2017,58,48,85,30.14,6,3,0.01,Rain
3/14/2017,57,43,46,30.24,10,3,0, 
3/15/2017,62,49,64,30.26,9,6,0, 
3/16/2017,69,59,78,30.19,7,6,0.02, 
3/17/2017,74,62,69,30.12,10,8,0, 
3/18/2017,75,63,72,30.23,10,4,0, 
3/19/2017,75,62,69,30.2,10,6,0, 
3/20/2017,75,60,63,30.11,10,7,0, 
3/21/2017,74,61,70,30.06,10,8,0, 
3/22/2017,76,62,67,30.07,10,7,0, 
3/23/2017,75,59,56,30.02,10,10,0, 
3/24/2017,72,63,68,29.91,8,6,0.05,Rain
3/25/2017,69,46,48,29.97,10,4,0, 
3/26/2017,75,61,67,29.84,8,8,0, 
3/27/2017,78,66,73,29.83,9,5,0, 
3/28/2017,78,66,67,29.78,8,10,0, 
3/29/2017,72,56,62,29.76,8,5,0.73,"Rain , Thunderstorm"
3/30/2017,68,46,50,29.85,10,4,0, 
3/31/2017,71,53,56,29.76,10,6,0, 
4/1/2017,71,63,79,29.82,10,8,0, 
4/2/2017,67,61,74,29.75,7,6,0.71,"Rain , Thunderstorm"
4/3/2017,70,51,58,29.72,10,2,0, 
4/4/2017,75,55,52,29.67,10,5,0, 
4/5/2017,64,39,45,30.04,10,8,0, 
4/6/2017,64,43,52,30.21,10,3,0, 
4/7/2017,67,48,55,30.17,10,4,0, 
4/8/2017,69,58,72,29.99,10,7,0, 
4/9/2017,74,64,73,29.9,10,8,0, 
4/10/2017,76,69,82,29.98,8,7,0.1,Rain
4/11/2017,67,65,94,30.12,8,4,0.34,"Rain , Thunderstorm"
4/12/2017,70,61,79,30.16,10,4,0, 
4/13/2017,75,64,77,30.14,9,6,T,Rain
4/14/2017,75,62,69,30.07,10,5,0, 
4/15/2017,76,64,71,30.03,10,7,0, 
4/16/2017,77,66,73,30.01,10,6,0, 
4/17/2017,72,65,80,30,10,5,T,"Rain , Thunderstorm"
4/18/2017,72,62,73,30,10,4,0, 
4/19/2017,77,65,71,30.02,10,6,T,Rain
4/20/2017,79,67,73,30,10,6,0, 
4/21/2017,80,66,66,29.86,10,7,0, 
4/22/2017,65,55,69,29.99,10,7,0.01,Rain
4/23/2017,64,42,50,30.1,10,5,0, 
4/24/2017,65,49,61,29.87,10,4,0, 
4/25/2017,76,65,73,29.58,10,7,0, 
4/26/2017,77,57,51,29.56,10,8,0, 
4/27/2017,70,50,58,29.72,10,7,0, 
4/28/2017,83,68,64,29.58,9,9,0, 
4/29/2017,79,66,64,29.59,7,9,0.01,Thunderstorm
4/30/2017,65,44,43,29.89,10,6,0.05,"Rain , Thunderstorm"
5/1/2017,71,48,50,29.93,10,6,0, 
5/2/2017,77,56,57,29.9,10,7,0, 
5/3/2017,80,66,66,29.8,9,8,T,Rain
5/4/2017,70,43,43,30.03,10,8,0, 
5/5/2017,71,42,44,30.03,10,4,0, 
5/6/2017,73,49,52,29.95,10,4,0, 
5/7/2017,75,57,56,29.94,10,6,0, 
5/8/2017,74,61,66,29.97,10,8,0, 
5/9/2017,71,68,86,29.96,9,6,0.04,"Rain , Thunderstorm"
5/10/2017,77,68,76,29.91,9,7,T, 
5/11/2017,80,70,73,29.88,7,3,0.22,"Rain , Thunderstorm"
5/12/2017,76,57,61,29.9,9,7,0,Thunderstorm
5/13/2017,74,54,54,29.91,10,3,0, 
5/14/2017,78,61,63,29.89,10,5,0, 
5/15/2017,80,64,67,29.9,10,7,0, 
5/16/2017,78,67,74,29.8,10,9,0, 
5/17/2017,80,69,67,29.77,8,5,0.12,Rain
5/18/2017,84,71,72,29.75,8,10,T, 
5/19/2017,85,69,64,29.74,10,9,0, 
5/20/2017,75,67,77,29.89,9,4,1.22,"Rain , Thunderstorm"
5/21/2017,70,61,74,30.05,8,6,0.67,"Rain , Thunderstorm"
5/22/2017,69,62,81,29.99,10,4,0.02,Rain
5/23/2017,72,62,73,29.89,8,5,0.07,"Rain , Thunderstorm"
5/24/2017,72,49,54,29.83,10,5,0, 
5/25/2017,78,60,55,29.72,10,7,0, 
5/26/2017,84,72,70,29.81,10,6,0, 
5/27/2017,87,74,71,29.85,6,7,0.01,Rain
5/28/2017,80,71,73,29.87,9,4,0.47,"Rain , Thunderstorm"
5/29/2017,78,67,70,30,10,2,0, 
5/30/2017,78,66,68,30.02,10,2,0, 
5/31/2017,77,68,74,30.01,10,2,0.02,Rain
6/1/2017,78,68,75,29.95,10,4,0, 
6/2/2017,83,71,70,29.92,10,5,T, 
6/3/2017,82,71,69,29.9,10,4,0.24,"Rain , Thunderstorm"
6/4/2017,80,69,76,29.83,9,1,0.17,"Rain , Thunderstorm"
6/5/2017,78,68,72,29.74,9,3,1.39,"Fog , Rain , Thunderstorm"
6/6/2017,81,66,67,29.82,10,5,0, 
6/7/2017,83,62,55,29.9,10,3,0, 
6/8/2017,83,66,60,29.9,10,4,0, 
6/9/2017,82,69,69,29.87,10,6,0, 
6/10/2017,82,65,62,29.86,10,6,0, 
6/11/2017,83,68,62,29.9,10,7,0, 
6/12/2017,85,68,62,29.89,10,7,T,Rain
6/13/2017,87,71,63,29.87,10,7,0, 
6/14/2017,87,71,63,29.9,10,8,0, 
6/15/2017,88,71,65,29.92,10,7,0, 
6/16/2017,88,70,60,29.82,10,7,0, 
6/17/2017,89,72,61,29.73,10,8,0, 
6/18/2017,89,71,60,29.75,10,7,0, 
6/19/2017,84,72,72,29.92,10,4,0.01,"Rain , Thunderstorm"
6/20/2017,87,69,60,29.92,10,5,0, 
6/21/2017,86,64,54,29.79,10,6,0, 
6/22/2017,88,67,54,29.67,10,5,0, 
6/23/2017,91,72,63,29.76,10,7,0, 
6/24/2017,79,71,70,30.02,8,5,0.14,Rain
6/25/2017,83,71,67,30.11,10,5,0.02,Rain
6/26/2017,82,72,74,30.08,8,2,1.07,"Rain , Thunderstorm"
6/27/2017,81,72,75,30,7,3,0.01,Rain
6/28/2017,82,70,70,29.91,10,4,0, 
6/29/2017,87,73,68,29.85,10,6,0, 
6/30/2017,89,73,64,29.88,10,8,0, 
7/1/2017,89,72,62,30.02,9,7,T, 
7/2/2017,89,72,63,30.06,10,6,0, 
7/3/2017,88,71,62,30,10,7,0, 
7/4/2017,90,72,60,29.97,10,7,0, 
7/5/2017,89,70,58,30.01,10,6,0, 
7/6/2017,89,71,60,30.06,10,4,0,Thunderstorm
7/7/2017,87,71,61,30.05,10,3,0.02,"Rain , Thunderstorm"
7/8/2017,88,67,59,30.02,10,3,0,Thunderstorm
7/9/2017,89,67,56,29.99,10,4,0, 
7/10/2017,88,65,57,29.95,10,5,0, 
7/11/2017,89,69,58,29.96,10,7,0, 
7/12/2017,89,70,59,29.99,10,6,0, 
7/13/2017,90,70,59,30.06,10,3,0, 
7/14/2017,89,69,58,30.07,10,4,0, 
7/15/2017,87,70,65,30.01,9,3,0.16,"Rain , Thunderstorm"
7/16/2017,84,69,67,29.93,9,3,0, 
7/17/2017,88,71,63,29.9,10,3,T,"Rain , Thunderstorm"
7/18/2017,88,70,61,29.98,10,5,0, 
7/19/2017,89,70,60,30.07,10,5,0, 
7/20/2017,90,69,56,30.03,10,5,0, 
7/21/2017,91,68,56,29.95,10,5,T, 
7/22/2017,90,68,58,29.9,10,6,0, 
7/23/2017,90,71,58,29.88,10,4,0.04,"Rain , Thunderstorm"
7/24/2017,89,71,60,29.95,10,3,0.01,"Rain , Thunderstorm"
7/25/2017,91,71,61,30.03,10,7,0, 
7/26/2017,91,70,58,30.03,10,6,T, 
7/27/2017,89,67,54,29.97,10,5,0, 
7/28/2017,91,64,54,29.9,10,5,0, 
7/29/2017,92,64,51,29.86,10,4,0, 
7/30/2017,93,68,48,29.91,10,4,0, 
7/31/2017,88,61,43,29.97,10,4,0, 
